Gen,Fitness
1, 62
1, 62
1, 62
1, 62
1, 62
1, 62
1, 67
1, 68
1, 68
1, 68
1, 68
1, 68
1, 68
1, 68
1, 68
1, 68
1, 68
1, 68
1, 68
1, 68
1, 68
1, 68
1, 68
1, 68
1, 68
1, 68
1, 68
1, 68
1, 68
1, 68
1, 68
1, 68
2, 62
2, 62
2, 62
2, 62
2, 62
2, 62
2, 62
2, 62
2, 62
2, 67
2, 67
2, 68
2, 68
2, 68
2, 68
2, 68
2, 68
2, 68
2, 68
2, 68
2, 68
2, 68
2, 68
2, 68
2, 68
2, 68
2, 68
2, 68
2, 68
2, 68
2, 68
2, 68
3, 59
3, 62
3, 62
3, 62
3, 62
3, 62
3, 62
3, 62
3, 62
3, 62
3, 62
3, 62
3, 62
3, 62
3, 62
3, 62
3, 62
3, 62
3, 62
3, 62
3, 67
3, 67
3, 68
3, 68
3, 68
3, 68
3, 68
3, 68
3, 68
3, 68
3, 68
3, 68
4, 59
4, 62
4, 62
4, 62
4, 62
4, 62
4, 62
4, 62
4, 62
4, 62
4, 62
4, 62
4, 62
4, 62
4, 62
4, 62
4, 62
4, 62
4, 62
4, 62
4, 62
4, 62
4, 62
4, 62
4, 62
4, 62
4, 62
4, 62
4, 65
4, 67
4, 67
4, 67
5, 59
5, 62
5, 62
5, 62
5, 62
5, 62
5, 62
5, 62
5, 62
5, 62
5, 62
5, 62
5, 62
5, 62
5, 62
5, 62
5, 62
5, 62
5, 62
5, 62
5, 62
5, 62
5, 62
5, 62
5, 62
5, 62
5, 62
5, 62
5, 62
5, 62
5, 62
5, 62
6, 59
6, 61
6, 62
6, 62
6, 62
6, 62
6, 62
6, 62
6, 62
6, 62
6, 62
6, 62
6, 62
6, 62
6, 62
6, 62
6, 62
6, 62
6, 62
6, 62
6, 62
6, 62
6, 62
6, 62
6, 62
6, 62
6, 62
6, 62
6, 62
6, 62
6, 62
6, 62
7, 59
7, 61
7, 62
7, 62
7, 62
7, 62
7, 62
7, 62
7, 62
7, 62
7, 62
7, 62
7, 62
7, 62
7, 62
7, 62
7, 62
7, 62
7, 62
7, 62
7, 62
7, 62
7, 62
7, 62
7, 62
7, 62
7, 62
7, 62
7, 62
7, 62
7, 62
7, 62
8, 59
8, 61
8, 62
8, 62
8, 62
8, 62
8, 62
8, 62
8, 62
8, 62
8, 62
8, 62
8, 62
8, 62
8, 62
8, 62
8, 62
8, 62
8, 62
8, 62
8, 62
8, 62
8, 62
8, 62
8, 62
8, 62
8, 62
8, 62
8, 62
8, 62
8, 62
8, 62
9, 59
9, 61
9, 62
9, 62
9, 62
9, 62
9, 62
9, 62
9, 62
9, 62
9, 62
9, 62
9, 62
9, 62
9, 62
9, 62
9, 62
9, 62
9, 62
9, 62
9, 62
9, 62
9, 62
9, 62
9, 62
9, 62
9, 62
9, 62
9, 62
9, 62
9, 62
9, 62
10, 59
10, 61
10, 62
10, 62
10, 62
10, 62
10, 62
10, 62
10, 62
10, 62
10, 62
10, 62
10, 62
10, 62
10, 62
10, 62
10, 62
10, 62
10, 62
10, 62
10, 62
10, 62
10, 62
10, 62
10, 62
10, 62
10, 62
10, 62
10, 62
10, 62
10, 62
10, 62
11, 59
11, 61
11, 62
11, 62
11, 62
11, 62
11, 62
11, 62
11, 62
11, 62
11, 62
11, 62
11, 62
11, 62
11, 62
11, 62
11, 62
11, 62
11, 62
11, 62
11, 62
11, 62
11, 62
11, 62
11, 62
11, 62
11, 62
11, 62
11, 62
11, 62
11, 62
11, 62
12, 59
12, 61
12, 62
12, 62
12, 62
12, 62
12, 62
12, 62
12, 62
12, 62
12, 62
12, 62
12, 62
12, 62
12, 62
12, 62
12, 62
12, 62
12, 62
12, 62
12, 62
12, 62
12, 62
12, 62
12, 62
12, 62
12, 62
12, 62
12, 62
12, 62
12, 62
12, 62
13, 59
13, 61
13, 62
13, 62
13, 62
13, 62
13, 62
13, 62
13, 62
13, 62
13, 62
13, 62
13, 62
13, 62
13, 62
13, 62
13, 62
13, 62
13, 62
13, 62
13, 62
13, 62
13, 62
13, 62
13, 62
13, 62
13, 62
13, 62
13, 62
13, 62
13, 62
13, 62
14, 59
14, 61
14, 61
14, 62
14, 62
14, 62
14, 62
14, 62
14, 62
14, 62
14, 62
14, 62
14, 62
14, 62
14, 62
14, 62
14, 62
14, 62
14, 62
14, 62
14, 62
14, 62
14, 62
14, 62
14, 62
14, 62
14, 62
14, 62
14, 62
14, 62
14, 62
14, 62
15, 59
15, 61
15, 61
15, 62
15, 62
15, 62
15, 62
15, 62
15, 62
15, 62
15, 62
15, 62
15, 62
15, 62
15, 62
15, 62
15, 62
15, 62
15, 62
15, 62
15, 62
15, 62
15, 62
15, 62
15, 62
15, 62
15, 62
15, 62
15, 62
15, 62
15, 62
15, 62
16, 59
16, 61
16, 61
16, 62
16, 62
16, 62
16, 62
16, 62
16, 62
16, 62
16, 62
16, 62
16, 62
16, 62
16, 62
16, 62
16, 62
16, 62
16, 62
16, 62
16, 62
16, 62
16, 62
16, 62
16, 62
16, 62
16, 62
16, 62
16, 62
16, 62
16, 62
16, 62
17, 59
17, 61
17, 61
17, 62
17, 62
17, 62
17, 62
17, 62
17, 62
17, 62
17, 62
17, 62
17, 62
17, 62
17, 62
17, 62
17, 62
17, 62
17, 62
17, 62
17, 62
17, 62
17, 62
17, 62
17, 62
17, 62
17, 62
17, 62
17, 62
17, 62
17, 62
17, 62
18, 59
18, 61
18, 61
18, 62
18, 62
18, 62
18, 62
18, 62
18, 62
18, 62
18, 62
18, 62
18, 62
18, 62
18, 62
18, 62
18, 62
18, 62
18, 62
18, 62
18, 62
18, 62
18, 62
18, 62
18, 62
18, 62
18, 62
18, 62
18, 62
18, 62
18, 62
18, 62
19, 59
19, 61
19, 61
19, 62
19, 62
19, 62
19, 62
19, 62
19, 62
19, 62
19, 62
19, 62
19, 62
19, 62
19, 62
19, 62
19, 62
19, 62
19, 62
19, 62
19, 62
19, 62
19, 62
19, 62
19, 62
19, 62
19, 62
19, 62
19, 62
19, 62
19, 62
19, 62
20, 59
20, 61
20, 61
20, 62
20, 62
20, 62
20, 62
20, 62
20, 62
20, 62
20, 62
20, 62
20, 62
20, 62
20, 62
20, 62
20, 62
20, 62
20, 62
20, 62
20, 62
20, 62
20, 62
20, 62
20, 62
20, 62
20, 62
20, 62
20, 62
20, 62
20, 62
20, 62
21, 59
21, 61
21, 61
21, 62
21, 62
21, 62
21, 62
21, 62
21, 62
21, 62
21, 62
21, 62
21, 62
21, 62
21, 62
21, 62
21, 62
21, 62
21, 62
21, 62
21, 62
21, 62
21, 62
21, 62
21, 62
21, 62
21, 62
21, 62
21, 62
21, 62
21, 62
21, 62
22, 59
22, 61
22, 61
22, 62
22, 62
22, 62
22, 62
22, 62
22, 62
22, 62
22, 62
22, 62
22, 62
22, 62
22, 62
22, 62
22, 62
22, 62
22, 62
22, 62
22, 62
22, 62
22, 62
22, 62
22, 62
22, 62
22, 62
22, 62
22, 62
22, 62
22, 62
22, 62
23, 59
23, 61
23, 61
23, 62
23, 62
23, 62
23, 62
23, 62
23, 62
23, 62
23, 62
23, 62
23, 62
23, 62
23, 62
23, 62
23, 62
23, 62
23, 62
23, 62
23, 62
23, 62
23, 62
23, 62
23, 62
23, 62
23, 62
23, 62
23, 62
23, 62
23, 62
23, 62
24, 59
24, 61
24, 61
24, 62
24, 62
24, 62
24, 62
24, 62
24, 62
24, 62
24, 62
24, 62
24, 62
24, 62
24, 62
24, 62
24, 62
24, 62
24, 62
24, 62
24, 62
24, 62
24, 62
24, 62
24, 62
24, 62
24, 62
24, 62
24, 62
24, 62
24, 62
24, 62
25, 59
25, 61
25, 61
25, 62
25, 62
25, 62
25, 62
25, 62
25, 62
25, 62
25, 62
25, 62
25, 62
25, 62
25, 62
25, 62
25, 62
25, 62
25, 62
25, 62
25, 62
25, 62
25, 62
25, 62
25, 62
25, 62
25, 62
25, 62
25, 62
25, 62
25, 62
25, 62
26, 59
26, 61
26, 61
26, 62
26, 62
26, 62
26, 62
26, 62
26, 62
26, 62
26, 62
26, 62
26, 62
26, 62
26, 62
26, 62
26, 62
26, 62
26, 62
26, 62
26, 62
26, 62
26, 62
26, 62
26, 62
26, 62
26, 62
26, 62
26, 62
26, 62
26, 62
26, 62
27, 59
27, 61
27, 61
27, 62
27, 62
27, 62
27, 62
27, 62
27, 62
27, 62
27, 62
27, 62
27, 62
27, 62
27, 62
27, 62
27, 62
27, 62
27, 62
27, 62
27, 62
27, 62
27, 62
27, 62
27, 62
27, 62
27, 62
27, 62
27, 62
27, 62
27, 62
27, 62
28, 59
28, 61
28, 61
28, 62
28, 62
28, 62
28, 62
28, 62
28, 62
28, 62
28, 62
28, 62
28, 62
28, 62
28, 62
28, 62
28, 62
28, 62
28, 62
28, 62
28, 62
28, 62
28, 62
28, 62
28, 62
28, 62
28, 62
28, 62
28, 62
28, 62
28, 62
28, 62
29, 59
29, 61
29, 61
29, 62
29, 62
29, 62
29, 62
29, 62
29, 62
29, 62
29, 62
29, 62
29, 62
29, 62
29, 62
29, 62
29, 62
29, 62
29, 62
29, 62
29, 62
29, 62
29, 62
29, 62
29, 62
29, 62
29, 62
29, 62
29, 62
29, 62
29, 62
29, 62
30, 59
30, 61
30, 61
30, 62
30, 62
30, 62
30, 62
30, 62
30, 62
30, 62
30, 62
30, 62
30, 62
30, 62
30, 62
30, 62
30, 62
30, 62
30, 62
30, 62
30, 62
30, 62
30, 62
30, 62
30, 62
30, 62
30, 62
30, 62
30, 62
30, 62
30, 62
30, 62
31, 59
31, 61
31, 61
31, 62
31, 62
31, 62
31, 62
31, 62
31, 62
31, 62
31, 62
31, 62
31, 62
31, 62
31, 62
31, 62
31, 62
31, 62
31, 62
31, 62
31, 62
31, 62
31, 62
31, 62
31, 62
31, 62
31, 62
31, 62
31, 62
31, 62
31, 62
31, 62
32, 59
32, 61
32, 61
32, 62
32, 62
32, 62
32, 62
32, 62
32, 62
32, 62
32, 62
32, 62
32, 62
32, 62
32, 62
32, 62
32, 62
32, 62
32, 62
32, 62
32, 62
32, 62
32, 62
32, 62
32, 62
32, 62
32, 62
32, 62
32, 62
32, 62
32, 62
32, 62
