Experiment,Seconds,Minutes,Hours,Days
results_16_1_one_1.txt:Elapsed time is 1986.179620 seconds.,1986.17962,33.1029936666667,0.551716561111111,0.022988190046296
results_16_1_one_10.txt:Elapsed time is 1618.944418 seconds.,1618.944418,26.9824069666667,0.449706782777778,0.018737782615741
results_16_1_one_11.txt:Elapsed time is 2009.553403 seconds.,2009.553403,33.4925567166667,0.558209278611111,0.02325871994213
results_16_1_one_12.txt:Elapsed time is 1848.888816 seconds.,1848.888816,30.8148136,0.513580226666667,0.021399176111111
results_16_1_one_13.txt:Elapsed time is 1882.856576 seconds.,1882.856576,31.3809429333333,0.523015715555556,0.021792321481482
results_16_1_one_14.txt:Elapsed time is 2002.631567 seconds.,2002.631567,33.3771927833333,0.556286546388889,0.023178606099537
results_16_1_one_15.txt:Elapsed time is 2034.650715 seconds.,2034.650715,33.91084525,0.565180754166667,0.023549198090278
results_16_1_one_2.txt:Elapsed time is 1598.403284 seconds.,1598.403284,26.6400547333333,0.444000912222222,0.018500038009259
results_16_1_one_3.txt:Elapsed time is 2025.784113 seconds.,2025.784113,33.76306855,0.562717809166667,0.023446575381945
results_16_1_one_4.txt:Elapsed time is 1851.271980 seconds.,1851.27198,30.854533,0.514242216666667,0.021426759027778
results_16_1_one_5.txt:Elapsed time is 1920.536473 seconds.,1920.536473,32.0089412166667,0.533482353611111,0.022228431400463
results_16_1_one_6.txt:Elapsed time is 2026.411903 seconds.,2026.411903,33.7735317166667,0.562892195277778,0.023453841469907
results_16_1_one_7.txt:Elapsed time is 2057.274458 seconds.,2057.274458,34.2879076333333,0.571465127222222,0.023811046967593
results_16_1_one_8.txt:Elapsed time is 2023.017683 seconds.,2023.017683,33.7169613833333,0.561949356388889,0.023414556516204
results_16_1_one_9.txt:Elapsed time is 2013.359167 seconds.,2013.359167,33.5559861166667,0.559266435277778,0.023302768136574
results_16_1_random_1.txt:Elapsed time is 2018.329952 seconds.,2018.329952,33.6388325333333,0.560647208888889,0.02336030037037
results_16_1_random_10.txt:Elapsed time is 2009.357386 seconds.,2009.357386,33.4892897666667,0.558154829444444,0.023256451226852
results_16_1_random_11.txt:Elapsed time is 2033.158293 seconds.,2033.158293,33.88597155,0.5647661925,0.0235319246875
results_16_1_random_12.txt:Elapsed time is 2019.375235 seconds.,2019.375235,33.6562539166667,0.560937565277778,0.023372398553241
results_16_1_random_13.txt:Elapsed time is 2049.902958 seconds.,2049.902958,34.1650493,0.569417488333333,0.023725728680556
results_16_1_random_14.txt:Elapsed time is 1988.861064 seconds.,1988.861064,33.1476844,0.552461406666667,0.023019225277778
results_16_1_random_15.txt:Elapsed time is 2037.565144 seconds.,2037.565144,33.9594190666667,0.565990317777778,0.023582929907407
results_16_1_random_2.txt:Elapsed time is 2043.804386 seconds.,2043.804386,34.0634064333333,0.567723440555556,0.023655143356482
results_16_1_random_3.txt:Elapsed time is 1988.665806 seconds.,1988.665806,33.1444301,0.552407168333333,0.023016965347222
results_16_1_random_4.txt:Elapsed time is 2000.609349 seconds.,2000.609349,33.34348915,0.555724819166667,0.023155200798611
results_16_1_random_5.txt:Elapsed time is 2025.725581 seconds.,2025.725581,33.7620930166667,0.562701550277778,0.023445897928241
results_16_1_random_6.txt:Elapsed time is 2027.699411 seconds.,2027.699411,33.7949901833333,0.563249836388889,0.02346874318287
results_16_1_random_7.txt:Elapsed time is 2034.996588 seconds.,2034.996588,33.9166098,0.56527683,0.02355320125
results_16_1_random_8.txt:Elapsed time is 2026.230157 seconds.,2026.230157,33.7705026166667,0.562841710277778,0.023451737928241
results_16_1_random_9.txt:Elapsed time is 2010.801429 seconds.,2010.801429,33.51335715,0.5585559525,0.0232731646875
results_16_2_one_1.txt:Elapsed time is 2023.285594 seconds.,2023.285594,33.7214265666667,0.562023776111111,0.023417657337963
results_16_2_one_10.txt:Elapsed time is 1926.702742 seconds.,1926.702742,32.1117123666667,0.535195206111111,0.02229980025463
results_16_2_one_11.txt:Elapsed time is 2035.696637 seconds.,2035.696637,33.9282772833333,0.565471288055556,0.023561303668982
results_16_2_one_12.txt:Elapsed time is 2045.504168 seconds.,2045.504168,34.0917361333333,0.568195602222222,0.023674816759259
results_16_2_one_13.txt:Elapsed time is 1965.510055 seconds.,1965.510055,32.7585009166667,0.545975015277778,0.022748958969907
results_16_2_one_14.txt:Elapsed time is 1864.965121 seconds.,1864.965121,31.0827520166667,0.518045866944444,0.021585244456019
results_16_2_one_15.txt:Elapsed time is 2040.897398 seconds.,2040.897398,34.0149566333333,0.566915943888889,0.023621497662037
results_16_2_one_2.txt:Elapsed time is 2036.593228 seconds.,2036.593228,33.9432204666667,0.565720341111111,0.02357168087963
results_16_2_one_3.txt:Elapsed time is 2027.008321 seconds.,2027.008321,33.7834720166667,0.563057866944444,0.023460744456019
results_16_2_one_4.txt:Elapsed time is 1946.300575 seconds.,1946.300575,32.4383429166667,0.540639048611111,0.022526627025463
results_16_2_one_5.txt:Elapsed time is 2025.816567 seconds.,2025.816567,33.76360945,0.562726824166667,0.023446951006945
results_16_2_one_6.txt:Elapsed time is 2032.943442 seconds.,2032.943442,33.8823907,0.564706511666667,0.023529437986111
results_16_2_one_7.txt:Elapsed time is 2000.617530 seconds.,2000.61753,33.3436255,0.555727091666667,0.023155295486111
results_16_2_one_8.txt:Elapsed time is 1915.948922 seconds.,1915.948922,31.9324820333333,0.532208033888889,0.02217533474537
results_16_2_one_9.txt:Elapsed time is 2048.139774 seconds.,2048.139774,34.1356629,0.568927715,0.023705321458333
results_16_2_random_1.txt:Elapsed time is 2000.137850 seconds.,2000.13785,33.3356308333333,0.555593847222222,0.023149743634259
results_16_2_random_10.txt:Elapsed time is 2045.460638 seconds.,2045.460638,34.0910106333333,0.568183510555556,0.023674312939815
results_16_2_random_11.txt:Elapsed time is 1983.761699 seconds.,1983.761699,33.0626949833333,0.551044916388889,0.022960204849537
results_16_2_random_12.txt:Elapsed time is 2019.740300 seconds.,2019.7403,33.6623383333333,0.561038972222222,0.023376623842593
results_16_2_random_13.txt:Elapsed time is 1987.390977 seconds.,1987.390977,33.12318295,0.552053049166667,0.023002210381945
results_16_2_random_14.txt:Elapsed time is 2036.305701 seconds.,2036.305701,33.93842835,0.5656404725,0.023568353020833
results_16_2_random_15.txt:Elapsed time is 2069.825610 seconds.,2069.82561,34.4970935,0.574951558333333,0.023956314930556
results_16_2_random_2.txt:Elapsed time is 2035.791945 seconds.,2035.791945,33.92986575,0.5654977625,0.023562406770833
results_16_2_random_3.txt:Elapsed time is 2022.770676 seconds.,2022.770676,33.7128446,0.561880743333333,0.023411697638889
results_16_2_random_4.txt:Elapsed time is 1979.238102 seconds.,1979.238102,32.9873017,0.549788361666667,0.022907848402778
results_16_2_random_5.txt:Elapsed time is 2003.200842 seconds.,2003.200842,33.3866807,0.556444678333333,0.023185194930556
results_16_2_random_6.txt:Elapsed time is 2023.079577 seconds.,2023.079577,33.71799295,0.561966549166667,0.023415272881945
results_16_2_random_7.txt:Elapsed time is 2010.399165 seconds.,2010.399165,33.50665275,0.5584442125,0.023268508854167
results_16_2_random_8.txt:Elapsed time is 1988.674054 seconds.,1988.674054,33.1445675666667,0.552409459444444,0.023017060810185
results_16_2_random_9.txt:Elapsed time is 2043.349891 seconds.,2043.349891,34.0558315166667,0.567597191944444,0.023649882997685
results_32_1_one_1.txt:Elapsed time is 4985.120587 seconds.,4985.120587,83.0853431166667,1.38475571861111,0.05769815494213
results_32_1_one_10.txt:Elapsed time is 4547.410000 seconds.,4547.41,75.7901666666667,1.26316944444444,0.052632060185185
results_32_1_one_11.txt:Elapsed time is 4699.389487 seconds.,4699.389487,78.3231581166667,1.30538596861111,0.054391082025463
results_32_1_one_12.txt:Elapsed time is 4617.009896 seconds.,4617.009896,76.9501649333333,1.28250274888889,0.053437614537037
results_32_1_one_13.txt:Elapsed time is 4949.804054 seconds.,4949.804054,82.4967342333333,1.37494557055556,0.057289398773148
results_32_1_one_14.txt:Elapsed time is 4284.087597 seconds.,4284.087597,71.40145995,1.1900243325,0.0495843471875
results_32_1_one_15.txt:Elapsed time is 4307.752056 seconds.,4307.752056,71.7958676,1.19659779333333,0.049858241388889
results_32_1_one_2.txt:Elapsed time is 4741.817884 seconds.,4741.817884,79.0302980666667,1.31717163444444,0.054882151435185
results_32_1_one_3.txt:Elapsed time is 4887.283644 seconds.,4887.283644,81.4547274,1.35757879,0.056565782916667
results_32_1_one_4.txt:Elapsed time is 4383.450527 seconds.,4383.450527,73.0575087833333,1.21762514638889,0.050734381099537
results_32_1_one_5.txt:Elapsed time is 4897.272000 seconds.,4897.272,81.6212,1.36035333333333,0.056681388888889
results_32_1_one_6.txt:Elapsed time is 4830.402761 seconds.,4830.402761,80.5067126833333,1.34177854472222,0.055907439363426
results_32_1_one_7.txt:Elapsed time is 4617.724192 seconds.,4617.724192,76.9620698666667,1.28270116444444,0.053445881851852
results_32_1_one_8.txt:Elapsed time is 4841.141862 seconds.,4841.141862,80.6856977,1.34476162833333,0.056031734513889
results_32_1_one_9.txt:Elapsed time is 4472.711371 seconds.,4472.711371,74.5451895166667,1.24241982527778,0.051767492719907
results_32_1_random_1.txt:Elapsed time is 4944.190844 seconds.,4944.190844,82.4031807333333,1.37338634555556,0.057224431064815
results_32_1_random_10.txt:Elapsed time is 4894.824532 seconds.,4894.824532,81.5804088666667,1.35967348111111,0.056653061712963
results_32_1_random_11.txt:Elapsed time is 4855.518281 seconds.,4855.518281,80.9253046833333,1.34875507805556,0.056198128252315
results_32_1_random_12.txt:Elapsed time is 4872.687624 seconds.,4872.687624,81.2114604,1.35352434,0.0563968475
results_32_1_random_13.txt:Elapsed time is 4909.878556 seconds.,4909.878556,81.8313092666667,1.36385515444444,0.056827298101852
results_32_1_random_14.txt:Elapsed time is 4918.117387 seconds.,4918.117387,81.9686231166667,1.36614371861111,0.05692265494213
results_32_1_random_15.txt:Elapsed time is 4944.004471 seconds.,4944.004471,82.4000745166667,1.37333457527778,0.057222273969907
results_32_1_random_2.txt:Elapsed time is 4937.090338 seconds.,4937.090338,82.2848389666667,1.37141398277778,0.057142249282407
results_32_1_random_3.txt:Elapsed time is 4894.296540 seconds.,4894.29654,81.571609,1.35952681666667,0.056646950694445
results_32_1_random_4.txt:Elapsed time is 4895.888617 seconds.,4895.888617,81.5981436166667,1.35996906027778,0.056665377511574
results_32_1_random_5.txt:Elapsed time is 4885.416233 seconds.,4885.416233,81.4236038833333,1.35706006472222,0.056544169363426
results_32_1_random_6.txt:Elapsed time is 4945.333513 seconds.,4945.333513,82.4222252166667,1.37370375361111,0.057237656400463
results_32_1_random_7.txt:Elapsed time is 4867.990164 seconds.,4867.990164,81.1331694,1.35221949,0.05634247875
results_32_1_random_8.txt:Elapsed time is 4920.702969 seconds.,4920.702969,82.01171615,1.36686193583333,0.056952580659722
results_32_1_random_9.txt:Elapsed time is 4909.874540 seconds.,4909.87454,81.8312423333333,1.36385403888889,0.05682725162037
results_32_2_one_1.txt:Elapsed time is 4823.485518 seconds.,4823.485518,80.3914253,1.33985708833333,0.055827378680556
results_32_2_one_10.txt:Elapsed time is 4879.764437 seconds.,4879.764437,81.3294072833333,1.35549012138889,0.05647875505787
results_32_2_one_11.txt:Elapsed time is 4518.848553 seconds.,4518.848553,75.31414255,1.25523570916667,0.052301487881945
results_32_2_one_12.txt:Elapsed time is 4924.286709 seconds.,4924.286709,82.07144515,1.36785741916667,0.056994059131945
results_32_2_one_13.txt:Elapsed time is 4908.028536 seconds.,4908.028536,81.8004756,1.36334126,0.056805885833333
results_32_2_one_14.txt:Elapsed time is 4891.837389 seconds.,4891.837389,81.53062315,1.35884371916667,0.056618488298611
results_32_2_one_15.txt:Elapsed time is 4638.438126 seconds.,4638.438126,77.3073021,1.288455035,0.053685626458333
results_32_2_one_2.txt:Elapsed time is 4860.326824 seconds.,4860.326824,81.0054470666667,1.35009078444444,0.056253782685185
results_32_2_one_3.txt:Elapsed time is 4770.446842 seconds.,4770.446842,79.5074473666667,1.32512412277778,0.055213505115741
results_32_2_one_4.txt:Elapsed time is 4951.142613 seconds.,4951.142613,82.51904355,1.3753173925,0.057304891354167
results_32_2_one_5.txt:Elapsed time is 4689.653838 seconds.,4689.653838,78.1608973,1.30268162166667,0.054278400902778
results_32_2_one_6.txt:Elapsed time is 4799.913850 seconds.,4799.91385,79.9985641666667,1.33330940277778,0.055554558449074
results_32_2_one_7.txt:Elapsed time is 4969.275199 seconds.,4969.275199,82.8212533166667,1.38035422194444,0.057514759247685
results_32_2_one_8.txt:Elapsed time is 4893.672121 seconds.,4893.672121,81.5612020166667,1.35935336694444,0.056639723622685
results_32_2_one_9.txt:Elapsed time is 4743.116704 seconds.,4743.116704,79.0519450666667,1.31753241777778,0.054897184074074
results_32_2_random_1.txt:Elapsed time is 4908.253094 seconds.,4908.253094,81.8042182333333,1.36340363722222,0.056808484884259
results_32_2_random_10.txt:Elapsed time is 4847.440248 seconds.,4847.440248,80.7906708,1.34651118,0.0561046325
results_32_2_random_11.txt:Elapsed time is 4955.161534 seconds.,4955.161534,82.5860255666667,1.37643375944444,0.057351406643519
results_32_2_random_12.txt:Elapsed time is 4889.568606 seconds.,4889.568606,81.4928101,1.35821350166667,0.056592229236111
results_32_2_random_13.txt:Elapsed time is 4897.589263 seconds.,4897.589263,81.6264877166667,1.36044146194444,0.056685060914352
results_32_2_random_14.txt:Elapsed time is 4919.899428 seconds.,4919.899428,81.9983238,1.36663873,0.056943280416667
results_32_2_random_15.txt:Elapsed time is 4907.268414 seconds.,4907.268414,81.7878069,1.363130115,0.056797088125
results_32_2_random_2.txt:Elapsed time is 4915.630370 seconds.,4915.63037,81.9271728333333,1.36545288055556,0.056893870023148
results_32_2_random_3.txt:Elapsed time is 4922.349303 seconds.,4922.349303,82.03915505,1.36731925083333,0.056971635451389
results_32_2_random_4.txt:Elapsed time is 4903.489949 seconds.,4903.489949,81.7248324833333,1.36208054138889,0.056753355891204
results_32_2_random_5.txt:Elapsed time is 4928.458662 seconds.,4928.458662,82.1409777,1.369016295,0.057042345625
results_32_2_random_6.txt:Elapsed time is 4889.034715 seconds.,4889.034715,81.4839119166667,1.35806519861111,0.05658604994213
results_32_2_random_7.txt:Elapsed time is 4955.337149 seconds.,4955.337149,82.5889524833333,1.37648254138889,0.057353439224537
results_32_2_random_8.txt:Elapsed time is 4899.296315 seconds.,4899.296315,81.6549385833333,1.36091564305556,0.056704818460648
results_32_2_random_9.txt:Elapsed time is 4895.734927 seconds.,4895.734927,81.5955821166667,1.35992636861111,0.05666359869213
results_64_1_one_1.txt:Elapsed time is 10471.568286 seconds.,10471.568286,174.5261381,2.90876896833333,0.121198707013889
results_64_1_one_2.txt:Elapsed time is 10789.177112 seconds.,10789.177112,179.819618533333,2.99699364222222,0.124874735092593
results_64_1_random_1.txt:Elapsed time is 11149.955139 seconds.,11149.955139,185.83258565,3.09720976083333,0.129050406701389
results_64_1_random_2.txt:Elapsed time is 11225.588645 seconds.,11225.588645,187.093144083333,3.11821906805556,0.129925794502315
results_64_1_random_3.txt:Elapsed time is 11173.133329 seconds.,11173.133329,186.218888816667,3.10364814694444,0.129318672789352
results_64_2_one_1.txt:Elapsed time is 10897.573825 seconds.,10897.573825,181.626230416667,3.02710384027778,0.126129326678241
results_64_2_one_2.txt:Elapsed time is 11004.169524 seconds.,11004.169524,183.4028254,3.05671375666667,0.127363073194444
results_64_2_random_1.txt:Elapsed time is 11118.637241 seconds.,11118.637241,185.310620683333,3.08851034472222,0.128687931030093
results_64_2_random_2.txt:Elapsed time is 11223.839243 seconds.,11223.839243,187.063987383333,3.11773312305556,0.129905546793982
results_juice_16_1_one_1.txt:Elapsed time is 3021.353697 seconds.,3021.353697,50.35589495,0.839264915833333,0.034969371493056
results_juice_16_1_one_10.txt:Elapsed time is 2982.445910 seconds.,2982.44591,49.7074318333333,0.828457197222222,0.034519049884259
results_juice_16_1_one_11.txt:Elapsed time is 3167.743814 seconds.,3167.743814,52.7957302333333,0.879928837222222,0.036663701550926
results_juice_16_1_one_12.txt:Elapsed time is 3180.135579 seconds.,3180.135579,53.00225965,0.883370994166667,0.036807124756945
results_juice_16_1_one_13.txt:Elapsed time is 3359.022638 seconds.,3359.022638,55.9837106333333,0.933061843888889,0.038877576828704
results_juice_16_1_one_14.txt:Elapsed time is 2783.514938 seconds.,2783.514938,46.3919156333333,0.773198593888889,0.032216608078704
results_juice_16_1_one_15.txt:Elapsed time is 3132.080792 seconds.,3132.080792,52.2013465333333,0.870022442222222,0.036250935092593
results_juice_16_1_one_2.txt:Elapsed time is 3364.724735 seconds.,3364.724735,56.0787455833333,0.934645759722222,0.038943573321759
results_juice_16_1_one_3.txt:Elapsed time is 3062.083405 seconds.,3062.083405,51.0347234166667,0.850578723611111,0.035440780150463
results_juice_16_1_one_4.txt:Elapsed time is 3112.689923 seconds.,3112.689923,51.8781653833333,0.864636089722222,0.036026503738426
results_juice_16_1_one_5.txt:Elapsed time is 3582.119650 seconds.,3582.11965,59.7019941666667,0.995033236111111,0.041459718171296
results_juice_16_1_one_6.txt:Elapsed time is 3331.112191 seconds.,3331.112191,55.5185365166667,0.925308941944444,0.038554539247685
results_juice_16_1_one_7.txt:Elapsed time is 4005.001307 seconds.,4005.001307,66.7500217833333,1.11250036305556,0.046354181793982
results_juice_16_1_one_8.txt:Elapsed time is 2895.475595 seconds.,2895.475595,48.2579265833333,0.804298776388889,0.033512449016204
results_juice_16_1_one_9.txt:Elapsed time is 3148.602206 seconds.,3148.602206,52.4767034333333,0.874611723888889,0.036442155162037
results_juice_16_1_random_1.txt:Elapsed time is 3892.454441 seconds.,3892.454441,64.8742406833333,1.08123734472222,0.045051556030093
results_juice_16_1_random_10.txt:Elapsed time is 3709.384900 seconds.,3709.3849,61.8230816666667,1.03038469444444,0.042932695601852
results_juice_16_1_random_11.txt:Elapsed time is 3264.500743 seconds.,3264.500743,54.4083457166667,0.906805761944444,0.037783573414352
results_juice_16_1_random_12.txt:Elapsed time is 3424.216312 seconds.,3424.216312,57.0702718666667,0.951171197777778,0.039632133240741
results_juice_16_1_random_13.txt:Elapsed time is 3684.736894 seconds.,3684.736894,61.4122815666667,1.02353802611111,0.04264741775463
results_juice_16_1_random_14.txt:Elapsed time is 3139.350008 seconds.,3139.350008,52.3225001333333,0.872041668888889,0.036335069537037
results_juice_16_1_random_15.txt:Elapsed time is 3557.674592 seconds.,3557.674592,59.2945765333333,0.988242942222222,0.041176789259259
results_juice_16_1_random_2.txt:Elapsed time is 3318.405667 seconds.,3318.405667,55.3067611166667,0.921779351944444,0.038407472997685
results_juice_16_1_random_3.txt:Elapsed time is 3174.724473 seconds.,3174.724473,52.91207455,0.881867909166667,0.036744496215278
results_juice_16_1_random_4.txt:Elapsed time is 3201.113786 seconds.,3201.113786,53.3518964333333,0.889198273888889,0.037049928078704
results_juice_16_1_random_5.txt:Elapsed time is 3246.833506 seconds.,3246.833506,54.1138917666667,0.901898196111111,0.03757909150463
results_juice_16_1_random_6.txt:Elapsed time is 3230.204360 seconds.,3230.20436,53.8367393333333,0.897278988888889,0.037386624537037
results_juice_16_1_random_7.txt:Elapsed time is 3205.909483 seconds.,3205.909483,53.4318247166667,0.890530411944444,0.037105433831019
results_juice_16_1_random_8.txt:Elapsed time is 3199.538602 seconds.,3199.538602,53.3256433666667,0.888760722777778,0.037031696782408
results_juice_16_1_random_9.txt:Elapsed time is 3200.665416 seconds.,3200.665416,53.3444236,0.889073726666667,0.037044738611111
results_juice_16_2_one_1.txt:Elapsed time is 3113.955325 seconds.,3113.955325,51.8992554166667,0.864987590277778,0.036041149594907
results_juice_16_2_one_10.txt:Elapsed time is 3198.458002 seconds.,3198.458002,53.3076333666667,0.888460556111111,0.037019189837963
results_juice_16_2_one_11.txt:Elapsed time is 3828.182219 seconds.,3828.182219,63.8030369833333,1.06338394972222,0.044307664571759
results_juice_16_2_one_12.txt:Elapsed time is 3251.133171 seconds.,3251.133171,54.18555285,0.9030925475,0.037628856145833
results_juice_16_2_one_13.txt:Elapsed time is 3454.143599 seconds.,3454.143599,57.5690599833333,0.959484333055556,0.039978513877315
results_juice_16_2_one_14.txt:Elapsed time is 3064.235097 seconds.,3064.235097,51.07058495,0.851176415833333,0.035465683993056
results_juice_16_2_one_15.txt:Elapsed time is 3260.313995 seconds.,3260.313995,54.3385665833333,0.905642776388889,0.03773511568287
results_juice_16_2_one_2.txt:Elapsed time is 3118.803820 seconds.,3118.80382,51.9800636666667,0.866334394444444,0.036097266435185
results_juice_16_2_one_3.txt:Elapsed time is 3200.119927 seconds.,3200.119927,53.3353321166667,0.888922201944444,0.037038425081019
results_juice_16_2_one_4.txt:Elapsed time is 3166.537993 seconds.,3166.537993,52.7756332166667,0.879593886944444,0.036649745289352
results_juice_16_2_one_5.txt:Elapsed time is 3770.808275 seconds.,3770.808275,62.8468045833333,1.04744674305556,0.043643614293982
results_juice_16_2_one_6.txt:Elapsed time is 2866.298232 seconds.,2866.298232,47.7716372,0.796193953333333,0.033174748055556
results_juice_16_2_one_7.txt:Elapsed time is 3155.056021 seconds.,3155.056021,52.5842670166667,0.876404450277778,0.036516852094908
results_juice_16_2_one_8.txt:Elapsed time is 3205.427130 seconds.,3205.42713,53.4237855,0.890396425,0.037099851041667
results_juice_16_2_one_9.txt:Elapsed time is 3253.105268 seconds.,3253.105268,54.2184211333333,0.903640352222222,0.037651681342593
results_juice_16_2_random_1.txt:Elapsed time is 3229.314235 seconds.,3229.314235,53.8219039166667,0.897031731944444,0.037376322164352
results_juice_16_2_random_10.txt:Elapsed time is 3149.005133 seconds.,3149.005133,52.4834188833333,0.874723648055556,0.036446818668982
results_juice_16_2_random_11.txt:Elapsed time is 3213.432656 seconds.,3213.432656,53.5572109333333,0.892620182222222,0.037192507592593
results_juice_16_2_random_12.txt:Elapsed time is 3408.757822 seconds.,3408.757822,56.8126303666667,0.946877172777778,0.039453215532408
results_juice_16_2_random_13.txt:Elapsed time is 3197.346541 seconds.,3197.346541,53.2891090166667,0.888151816944444,0.037006325706019
results_juice_16_2_random_14.txt:Elapsed time is 3157.777505 seconds.,3157.777505,52.6296250833333,0.877160418055555,0.036548350752315
results_juice_16_2_random_15.txt:Elapsed time is 4006.928636 seconds.,4006.928636,66.7821439333333,1.11303573222222,0.046376488842593
results_juice_16_2_random_2.txt:Elapsed time is 3505.663131 seconds.,3505.663131,58.42771885,0.973795314166667,0.040574804756945
results_juice_16_2_random_3.txt:Elapsed time is 3152.408376 seconds.,3152.408376,52.5401396,0.875668993333333,0.036486208055556
results_juice_16_2_random_4.txt:Elapsed time is 3300.386333 seconds.,3300.386333,55.0064388833333,0.916773981388889,0.038198915891204
results_juice_16_2_random_5.txt:Elapsed time is 3783.419697 seconds.,3783.419697,63.05699495,1.05094991583333,0.043789579826389
results_juice_16_2_random_6.txt:Elapsed time is 3525.854446 seconds.,3525.854446,58.7642407666667,0.979404012777778,0.040808500532407
results_juice_16_2_random_7.txt:Elapsed time is 3381.849115 seconds.,3381.849115,56.3641519166667,0.939402531944444,0.039141772164352
results_juice_16_2_random_8.txt:Elapsed time is 4031.131551 seconds.,4031.131551,67.18552585,1.11975876416667,0.046656615173611
results_juice_16_2_random_9.txt:Elapsed time is 3107.597040 seconds.,3107.59704,51.793284,0.8632214,0.035967558333333
results_juice_32_1_one_1.txt:Elapsed time is 6325.190860 seconds.,6325.19086,105.419847666667,1.75699746111111,0.073208227546296
results_juice_32_1_one_2.txt:Elapsed time is 6892.338361 seconds.,6892.338361,114.872306016667,1.91453843361111,0.079772434733796
results_juice_32_1_one_3.txt:Elapsed time is 6686.925555 seconds.,6686.925555,111.44875925,1.85747932083333,0.077394971701389
results_juice_32_1_one_4.txt:Elapsed time is 6994.515778 seconds.,6994.515778,116.575262966667,1.94292104944444,0.080955043726852
results_juice_32_1_one_5.txt:Elapsed time is 6884.996339 seconds.,6884.996339,114.749938983333,1.91249898305556,0.079687457627315
results_juice_32_1_one_6.txt:Elapsed time is 7091.615849 seconds.,7091.615849,118.193597483333,1.96989329138889,0.082078887141204
results_juice_32_1_one_7.txt:Elapsed time is 7092.451519 seconds.,7092.451519,118.207525316667,1.97012542194444,0.082088559247685
results_juice_32_1_one_8.txt:Elapsed time is 6977.253534 seconds.,6977.253534,116.2875589,1.93812598166667,0.080755249236111
results_juice_32_1_one_9.txt:Elapsed time is 6988.280621 seconds.,6988.280621,116.471343683333,1.94118906138889,0.08088287755787
results_juice_32_1_random_1.txt:Elapsed time is 7189.021005 seconds.,7189.021005,119.81701675,1.99695027916667,0.083206261631945
results_juice_32_1_random_2.txt:Elapsed time is 7115.053722 seconds.,7115.053722,118.5842287,1.97640381166667,0.082350158819445
results_juice_32_1_random_3.txt:Elapsed time is 7041.351875 seconds.,7041.351875,117.355864583333,1.95593107638889,0.08149712818287
results_juice_32_1_random_4.txt:Elapsed time is 6960.275477 seconds.,6960.275477,116.004591283333,1.93340985472222,0.080558743946759
results_juice_32_1_random_5.txt:Elapsed time is 7146.381858 seconds.,7146.381858,119.1063643,1.98510607166667,0.082712752986111
results_juice_32_1_random_6.txt:Elapsed time is 7136.148730 seconds.,7136.14873,118.935812166667,1.98226353611111,0.08259431400463
results_juice_32_1_random_7.txt:Elapsed time is 7053.654616 seconds.,7053.654616,117.560910266667,1.95934850444444,0.081639521018519
results_juice_32_1_random_8.txt:Elapsed time is 7162.554156 seconds.,7162.554156,119.3759026,1.98959837666667,0.082899932361111
results_juice_32_1_random_9.txt:Elapsed time is 7058.731025 seconds.,7058.731025,117.645517083333,1.96075861805556,0.081698275752315
results_juice_32_2_one_1.txt:Elapsed time is 7116.299855 seconds.,7116.299855,118.604997583333,1.97674995972222,0.082364581655093
results_juice_32_2_one_2.txt:Elapsed time is 7026.733345 seconds.,7026.733345,117.112222416667,1.95187037361111,0.081327932233796
results_juice_32_2_one_3.txt:Elapsed time is 7113.981508 seconds.,7113.981508,118.566358466667,1.97610597444444,0.082337748935185
results_juice_32_2_one_4.txt:Elapsed time is 7092.044195 seconds.,7092.044195,118.200736583333,1.97001227638889,0.082083844849537
results_juice_32_2_one_5.txt:Elapsed time is 7210.953734 seconds.,7210.953734,120.182562233333,2.00304270388889,0.083460112662037
results_juice_32_2_one_6.txt:Elapsed time is 6805.696628 seconds.,6805.696628,113.428277133333,1.89047128555556,0.078769636898148
results_juice_32_2_one_7.txt:Elapsed time is 6730.652601 seconds.,6730.652601,112.17754335,1.8696257225,0.077901071770833
results_juice_32_2_one_8.txt:Elapsed time is 6926.210586 seconds.,6926.210586,115.4368431,1.923947385,0.080164474375
results_juice_32_2_one_9.txt:Elapsed time is 7011.372088 seconds.,7011.372088,116.856201466667,1.94760335777778,0.081150139907407
results_juice_32_2_random_1.txt:Elapsed time is 7089.612853 seconds.,7089.612853,118.160214216667,1.96933690361111,0.08205570431713
results_juice_32_2_random_2.txt:Elapsed time is 7130.916347 seconds.,7130.916347,118.848605783333,1.98081009638889,0.082533754016204
results_juice_32_2_random_3.txt:Elapsed time is 7126.727333 seconds.,7126.727333,118.778788883333,1.97964648138889,0.08248527005787
results_juice_32_2_random_4.txt:Elapsed time is 7198.931933 seconds.,7198.931933,119.982198883333,1.99970331472222,0.083320971446759
results_juice_32_2_random_5.txt:Elapsed time is 7144.583777 seconds.,7144.583777,119.076396283333,1.98460660472222,0.082691941863426
results_juice_32_2_random_6.txt:Elapsed time is 7024.121097 seconds.,7024.121097,117.06868495,1.95114474916667,0.081297697881945
results_juice_32_2_random_7.txt:Elapsed time is 7136.459294 seconds.,7136.459294,118.940988233333,1.98234980388889,0.08259790849537
results_juice_32_2_random_8.txt:Elapsed time is 7143.233979 seconds.,7143.233979,119.05389965,1.98423166083333,0.082676319201389
results_juice_32_2_random_9.txt:Elapsed time is 7052.543536 seconds.,7052.543536,117.542392266667,1.95903987111111,0.081626661296296
TOTAL,959521.573546,15992.0262257667,266.533770429444,11.1055737678935
